INSERT INTO customer (customer_id, name, email, kyc_status) VALUES
  ('a0000001-0000-4000-8000-000000000001', 'Alice Chen', 'alice@example.com', 'verified'),
  ('a0000001-0000-4000-8000-000000000002', 'Bob Smith', 'bob@example.com', 'pending')
ON CONFLICT (customer_id) DO NOTHING;

INSERT INTO user_preference (preference_id, customer_id, theme, language, notifications_enabled) VALUES
  ('b0000001-0000-4000-8000-000000000001', 'a0000001-0000-4000-8000-000000000001', 'light', 'en', true),
  ('b0000001-0000-4000-8000-000000000002', 'a0000001-0000-4000-8000-000000000002', 'dark', 'en', false)
ON CONFLICT (preference_id) DO NOTHING;

INSERT INTO account (account_id, customer_id, account_type, currency, status) VALUES
  ('c0000001-0000-4000-8000-000000000001', 'a0000001-0000-4000-8000-000000000001', 'brokerage', 'USD', 'active'),
  ('c0000001-0000-4000-8000-000000000002', 'a0000001-0000-4000-8000-000000000001', 'cash', 'USD', 'active'),
  ('c0000001-0000-4000-8000-000000000003', 'a0000001-0000-4000-8000-000000000002', 'brokerage', 'USD', 'active')
ON CONFLICT (account_id) DO NOTHING;

INSERT INTO instrument (instrument_id, symbol, name, asset_class, currency, exchange) VALUES
  ('d0000001-0000-4000-8000-000000000001', 'AAPL', 'Apple Inc', 'equity', 'USD', 'NASDAQ'),
  ('d0000001-0000-4000-8000-000000000002', 'MSFT', 'Microsoft Corporation', 'equity', 'USD', 'NASDAQ'),
  ('d0000001-0000-4000-8000-000000000003', 'US912828VM18', 'US 2Y Treasury', 'bond', 'USD', 'OTC'),
  ('d0000001-0000-4000-8000-000000000004', 'SPY', 'SPDR S&P 500 ETF', 'etf', 'USD', 'NYSE'),
  ('d0000001-0000-4000-8000-000000000005', 'INTC', 'Intel Corporation', 'equity', 'USD', 'NASDAQ'),
  ('d0000001-0000-4000-8000-000000000006', 'AMD', 'Advanced Micro Devices, Inc.', 'equity', 'USD', 'NASDAQ'),
  ('d0000001-0000-4000-8000-000000000007', 'ADBE', 'Adobe Inc.', 'equity', 'USD', 'NASDAQ'),
  ('d0000001-0000-4000-8000-000000000008', 'CRM', 'Salesforce, Inc.', 'equity', 'USD', 'NASDAQ'),
  ('d0000001-0000-4000-8000-000000000009', 'NFLX', 'Netflix, Inc.', 'equity', 'USD', 'NASDAQ'),
  ('d0000001-0000-4000-8000-00000000000a', 'AVGO', 'Broadcom Inc.', 'equity', 'USD', 'NASDAQ'),
  ('d0000001-0000-4000-8000-00000000000b', 'ORCL', 'Oracle Corporation', 'equity', 'USD', 'NASDAQ'),
  ('d0000001-0000-4000-8000-00000000000c', 'CSCO', 'Cisco Systems, Inc.', 'equity', 'USD', 'NASDAQ'),
  ('d0000001-0000-4000-8000-00000000000d', 'PEP', 'PepsiCo, Inc.', 'equity', 'USD', 'NASDAQ'),
  ('d0000001-0000-4000-8000-00000000000e', 'COST', 'Costco Wholesale Corporation', 'equity', 'USD', 'NASDAQ'),
  ('d0000001-0000-4000-8000-00000000000f', 'ISRG', 'Intuitive Surgical, Inc.', 'equity', 'USD', 'NASDAQ'),
  ('d0000001-0000-4000-8000-000000000010', 'GILD', 'Gilead Sciences, Inc.', 'equity', 'USD', 'NASDAQ'),
  ('d0000001-0000-4000-8000-000000000011', 'AMGN', 'Amgen Inc.', 'equity', 'USD', 'NASDAQ'),
  ('d0000001-0000-4000-8000-000000000012', 'SBUX', 'Starbucks Corporation', 'equity', 'USD', 'NASDAQ'),
  ('d0000001-0000-4000-8000-000000000013', 'TMUS', 'T-Mobile US, Inc.', 'equity', 'USD', 'NASDAQ'),
  ('d0000001-0000-4000-8000-000000000014', 'VRTX', 'Vertex Pharmaceuticals Incorporated', 'equity', 'USD', 'NASDAQ'),
  ('d0000001-0000-4000-8000-000000000015', 'MDLZ', 'Mondelez International, Inc.', 'equity', 'USD', 'NASDAQ'),
  ('d0000001-0000-4000-8000-000000000016', 'KLAC', 'KLA Corporation', 'equity', 'USD', 'NASDAQ'),
  ('d0000001-0000-4000-8000-000000000017', 'SNPS', 'Synopsys, Inc.', 'equity', 'USD', 'NASDAQ'),
  ('d0000001-0000-4000-8000-000000000018', 'MRVL', 'Marvell Technology, Inc.', 'equity', 'USD', 'NASDAQ'),
  ('d0000001-0000-4000-8000-000000000019', 'PANW', 'Palo Alto Networks, Inc.', 'equity', 'USD', 'NASDAQ'),
  ('d0000001-0000-4000-8000-00000000001a', 'CDNS', 'Cadence Design Systems, Inc.', 'equity', 'USD', 'NASDAQ'),
  ('d0000001-0000-4000-8000-00000000001b', 'ASML', 'ASML Holding N.V.', 'equity', 'USD', 'NASDAQ'),
  ('d0000001-0000-4000-8000-00000000001c', 'LRCX', 'Lam Research Corporation', 'equity', 'USD', 'NASDAQ')
ON CONFLICT (instrument_id) DO NOTHING;

INSERT INTO instrument (instrument_id, symbol, name, asset_class, currency, exchange) VALUES
  ('d0000001-0000-4000-8000-00000000001d', 'ABNB', 'Airbnb, Inc.', 'equity', 'USD', 'NASDAQ'),
  ('d0000001-0000-4000-8000-00000000001e', 'ALGN', 'Align Technology, Inc.', 'equity', 'USD', 'NASDAQ'),
  ('d0000001-0000-4000-8000-00000000001f', 'AMAT', 'Applied Materials, Inc.', 'equity', 'USD', 'NASDAQ'),
  ('d0000001-0000-4000-8000-000000000020', 'ANSS', 'Ansys, Inc.', 'equity', 'USD', 'NASDAQ'),
  ('d0000001-0000-4000-8000-000000000021', 'ARM', 'Arm Holdings plc', 'equity', 'USD', 'NASDAQ'),
  ('d0000001-0000-4000-8000-000000000022', 'BIIB', 'Biogen Inc.', 'equity', 'USD', 'NASDAQ'),
  ('d0000001-0000-4000-8000-000000000023', 'BKR', 'Baker Hughes Company', 'equity', 'USD', 'NASDAQ'),
  ('d0000001-0000-4000-8000-000000000024', 'CCEP', 'Coca-Cola Europacific Partners plc', 'equity', 'USD', 'NASDAQ'),
  ('d0000001-0000-4000-8000-000000000025', 'CHTR', 'Charter Communications, Inc.', 'equity', 'USD', 'NASDAQ'),
  ('d0000001-0000-4000-8000-000000000026', 'CRWD', 'CrowdStrike Holdings, Inc.', 'equity', 'USD', 'NASDAQ'),
  ('d0000001-0000-4000-8000-000000000027', 'CTAS', 'Cintas Corporation', 'equity', 'USD', 'NASDAQ'),
  ('d0000001-0000-4000-8000-000000000028', 'CTSH', 'Cognizant Technology Solutions Corporation', 'equity', 'USD', 'NASDAQ'),
  ('d0000001-0000-4000-8000-000000000029', 'DDOG', 'Datadog, Inc.', 'equity', 'USD', 'NASDAQ'),
  ('d0000001-0000-4000-8000-00000000002a', 'DXCM', 'DexCom, Inc.', 'equity', 'USD', 'NASDAQ'),
  ('d0000001-0000-4000-8000-00000000002b', 'EA', 'Electronic Arts Inc.', 'equity', 'USD', 'NASDAQ'),
  ('d0000001-0000-4000-8000-00000000002c', 'EBAY', 'eBay Inc.', 'equity', 'USD', 'NASDAQ'),
  ('d0000001-0000-4000-8000-00000000002d', 'ENPH', 'Enphase Energy, Inc.', 'equity', 'USD', 'NASDAQ'),
  ('d0000001-0000-4000-8000-00000000002e', 'EXC', 'Exelon Corporation', 'equity', 'USD', 'NASDAQ'),
  ('d0000001-0000-4000-8000-00000000002f', 'FANG', 'Diamondback Energy, Inc.', 'equity', 'USD', 'NASDAQ'),
  ('d0000001-0000-4000-8000-000000000030', 'FAST', 'Fastenal Company', 'equity', 'USD', 'NASDAQ'),
  ('d0000001-0000-4000-8000-000000000031', 'FISV', 'Fiserv, Inc.', 'equity', 'USD', 'NASDAQ'),
  ('d0000001-0000-4000-8000-000000000032', 'FTNT', 'Fortinet, Inc.', 'equity', 'USD', 'NASDAQ'),
  ('d0000001-0000-4000-8000-000000000033', 'GEHC', 'GE HealthCare Technologies Inc.', 'equity', 'USD', 'NASDAQ'),
  ('d0000001-0000-4000-8000-000000000034', 'GFS', 'GLOBALFOUNDRIES Inc.', 'equity', 'USD', 'NASDAQ'),
  ('d0000001-0000-4000-8000-000000000035', 'HON', 'Honeywell International Inc.', 'equity', 'USD', 'NASDAQ'),
  ('d0000001-0000-4000-8000-000000000036', 'IDXX', 'IDEXX Laboratories, Inc.', 'equity', 'USD', 'NASDAQ'),
  ('d0000001-0000-4000-8000-000000000037', 'ILMN', 'Illumina, Inc.', 'equity', 'USD', 'NASDAQ'),
  ('d0000001-0000-4000-8000-000000000038', 'KDP', 'Keurig Dr Pepper Inc.', 'equity', 'USD', 'NASDAQ'),
  ('d0000001-0000-4000-8000-000000000039', 'KHC', 'The Kraft Heinz Company', 'equity', 'USD', 'NASDAQ'),
  ('d0000001-0000-4000-8000-00000000003a', 'LULU', 'Lululemon Athletica Inc.', 'equity', 'USD', 'NASDAQ'),
  ('d0000001-0000-4000-8000-00000000003b', 'MCHP', 'Microchip Technology Incorporated', 'equity', 'USD', 'NASDAQ'),
  ('d0000001-0000-4000-8000-00000000003c', 'MDB', 'MongoDB, Inc.', 'equity', 'USD', 'NASDAQ'),
  ('d0000001-0000-4000-8000-00000000003d', 'MELI', 'MercadoLibre, Inc.', 'equity', 'USD', 'NASDAQ'),
  ('d0000001-0000-4000-8000-00000000003e', 'MNST', 'Monster Beverage Corporation', 'equity', 'USD', 'NASDAQ'),
  ('d0000001-0000-4000-8000-00000000003f', 'MRNA', 'Moderna, Inc.', 'equity', 'USD', 'NASDAQ'),
  ('d0000001-0000-4000-8000-000000000040', 'NTES', 'NetEase, Inc.', 'equity', 'USD', 'NASDAQ'),
  ('d0000001-0000-4000-8000-000000000041', 'NXPI', 'NXP Semiconductors N.V.', 'equity', 'USD', 'NASDAQ'),
  ('d0000001-0000-4000-8000-000000000042', 'ODFL', 'Old Dominion Freight Line, Inc.', 'equity', 'USD', 'NASDAQ'),
  ('d0000001-0000-4000-8000-000000000043', 'ON', 'ON Semiconductor Corporation', 'equity', 'USD', 'NASDAQ'),
  ('d0000001-0000-4000-8000-000000000044', 'PAYX', 'Paychex, Inc.', 'equity', 'USD', 'NASDAQ'),
  ('d0000001-0000-4000-8000-000000000045', 'PCAR', 'PACCAR Inc.', 'equity', 'USD', 'NASDAQ'),
  ('d0000001-0000-4000-8000-000000000046', 'PDD', 'PDD Holdings Inc.', 'equity', 'USD', 'NASDAQ'),
  ('d0000001-0000-4000-8000-000000000047', 'PYPL', 'PayPal Holdings, Inc.', 'equity', 'USD', 'NASDAQ'),
  ('d0000001-0000-4000-8000-000000000048', 'QCOM', 'Qualcomm Incorporated', 'equity', 'USD', 'NASDAQ'),
  ('d0000001-0000-4000-8000-000000000049', 'REGN', 'Regeneron Pharmaceuticals, Inc.', 'equity', 'USD', 'NASDAQ'),
  ('d0000001-0000-4000-8000-00000000004a', 'ROST', 'Ross Stores, Inc.', 'equity', 'USD', 'NASDAQ'),
  ('d0000001-0000-4000-8000-00000000004b', 'SIRI', 'Sirius XM Holdings Inc.', 'equity', 'USD', 'NASDAQ'),
  ('d0000001-0000-4000-8000-00000000004c', 'TEAM', 'Atlassian Corporation', 'equity', 'USD', 'NASDAQ'),
  ('d0000001-0000-4000-8000-00000000004d', 'TXN', 'Texas Instruments Incorporated', 'equity', 'USD', 'NASDAQ'),
  ('d0000001-0000-4000-8000-00000000004e', 'WBA', 'Walgreens Boots Alliance, Inc.', 'equity', 'USD', 'NASDAQ'),
  ('d0000001-0000-4000-8000-00000000004f', 'XEL', 'Xcel Energy Inc.', 'equity', 'USD', 'NASDAQ'),
  ('d0000001-0000-4000-8000-000000000050', 'ZS', 'Zscaler, Inc.', 'equity', 'USD', 'NASDAQ'),
  ('d0000001-0000-4000-8000-000000000051', 'AKAM', 'Akamai Technologies, Inc.', 'equity', 'USD', 'NASDAQ'),
  ('d0000001-0000-4000-8000-000000000052', 'ALNY', 'Alnylam Pharmaceuticals, Inc.', 'equity', 'USD', 'NASDAQ'),
  ('d0000001-0000-4000-8000-000000000053', 'BIDU', 'Baidu, Inc.', 'equity', 'USD', 'NASDAQ'),
  ('d0000001-0000-4000-8000-000000000054', 'BMRN', 'BioMarin Pharmaceutical Inc.', 'equity', 'USD', 'NASDAQ'),
  ('d0000001-0000-4000-8000-000000000055', 'CDW', 'CDW Corporation', 'equity', 'USD', 'NASDAQ'),
  ('d0000001-0000-4000-8000-000000000056', 'CHKP', 'Check Point Software Technologies Ltd.', 'equity', 'USD', 'NASDAQ'),
  ('d0000001-0000-4000-8000-000000000057', 'CMCSA', 'Comcast Corporation', 'equity', 'USD', 'NASDAQ'),
  ('d0000001-0000-4000-8000-000000000058', 'CPRT', 'Copart, Inc.', 'equity', 'USD', 'NASDAQ'),
  ('d0000001-0000-4000-8000-000000000059', 'CSGP', 'CoStar Group, Inc.', 'equity', 'USD', 'NASDAQ'),
  ('d0000001-0000-4000-8000-00000000005a', 'DLTR', 'Dollar Tree, Inc.', 'equity', 'USD', 'NASDAQ'),
  ('d0000001-0000-4000-8000-00000000005b', 'EXPE', 'Expedia Group, Inc.', 'equity', 'USD', 'NASDAQ'),
  ('d0000001-0000-4000-8000-00000000005c', 'FLEX', 'Flex Ltd.', 'equity', 'USD', 'NASDAQ'),
  ('d0000001-0000-4000-8000-00000000005d', 'HII', 'Huntington Ingalls Industries, Inc.', 'equity', 'USD', 'NASDAQ'),
  ('d0000001-0000-4000-8000-00000000005e', 'ICUI', 'ICU Medical, Inc.', 'equity', 'USD', 'NASDAQ'),
  ('d0000001-0000-4000-8000-00000000005f', 'INCY', 'Incyte Corporation', 'equity', 'USD', 'NASDAQ'),
  ('d0000001-0000-4000-8000-000000000060', 'INTU', 'Intuit Inc.', 'equity', 'USD', 'NASDAQ'),
  ('d0000001-0000-4000-8000-000000000061', 'JD', 'JD.com, Inc.', 'equity', 'USD', 'NASDAQ'),
  ('d0000001-0000-4000-8000-000000000062', 'MAR', 'Marriott International, Inc.', 'equity', 'USD', 'NASDAQ'),
  ('d0000001-0000-4000-8000-000000000063', 'NTAP', 'NetApp, Inc.', 'equity', 'USD', 'NASDAQ'),
  ('d0000001-0000-4000-8000-000000000064', 'OKTA', 'Okta, Inc.', 'equity', 'USD', 'NASDAQ'),
  ('d0000001-0000-4000-8000-000000000065', 'QGEN', 'Qiagen N.V.', 'equity', 'USD', 'NASDAQ'),
  ('d0000001-0000-4000-8000-000000000066', 'SPLK', 'Splunk Inc.', 'equity', 'USD', 'NASDAQ'),
  ('d0000001-0000-4000-8000-000000000067', 'SWKS', 'Skyworks Solutions, Inc.', 'equity', 'USD', 'NASDAQ'),
  ('d0000001-0000-4000-8000-000000000068', 'TCOM', 'Trip.com Group Limited', 'equity', 'USD', 'NASDAQ'),
  ('d0000001-0000-4000-8000-000000000069', 'TRIP', 'Tripadvisor, Inc.', 'equity', 'USD', 'NASDAQ'),
  ('d0000001-0000-4000-8000-00000000006a', 'TTWO', 'Take-Two Interactive Software, Inc.', 'equity', 'USD', 'NASDAQ'),
  ('d0000001-0000-4000-8000-00000000006b', 'VRSK', 'Verisk Analytics, Inc.', 'equity', 'USD', 'NASDAQ'),
  ('d0000001-0000-4000-8000-00000000006c', 'WDAY', 'Workday Inc.', 'equity', 'USD', 'NASDAQ'),
  ('d0000001-0000-4000-8000-00000000006d', 'WDC', 'Western Digital Corporation', 'equity', 'USD', 'NASDAQ'),
  ('d0000001-0000-4000-8000-00000000006e', 'ZBRA', 'Zebra Technologies Corporation', 'equity', 'USD', 'NASDAQ'),
  ('d0000001-0000-4000-8000-00000000006f', 'AEP', 'American Electric Power Company, Inc.', 'equity', 'USD', 'NASDAQ'),
  ('d0000001-0000-4000-8000-000000000070', 'AMED', 'Amedisys, Inc.', 'equity', 'USD', 'NASDAQ'),
  ('d0000001-0000-4000-8000-000000000071', 'APLS', 'Apellis Pharmaceuticals, Inc.', 'equity', 'USD', 'NASDAQ'),
  ('d0000001-0000-4000-8000-000000000072', 'ARWR', 'Arrowhead Pharmaceuticals, Inc.', 'equity', 'USD', 'NASDAQ'),
  ('d0000001-0000-4000-8000-000000000073', 'AXON', 'Axon Enterprise, Inc.', 'equity', 'USD', 'NASDAQ'),
  ('d0000001-0000-4000-8000-000000000074', 'CARG', 'CarGurus, Inc.', 'equity', 'USD', 'NASDAQ'),
  ('d0000001-0000-4000-8000-000000000075', 'CGNX', 'Cognex Corporation', 'equity', 'USD', 'NASDAQ'),
  ('d0000001-0000-4000-8000-000000000076', 'CRUS', 'Cirrus Logic, Inc.', 'equity', 'USD', 'NASDAQ'),
  ('d0000001-0000-4000-8000-000000000077', 'DASH', 'DoorDash, Inc.', 'equity', 'USD', 'NASDAQ'),
  ('d0000001-0000-4000-8000-000000000078', 'DOCU', 'DocuSign, Inc.', 'equity', 'USD', 'NASDAQ'),
  ('d0000001-0000-4000-8000-000000000079', 'FOLD', 'Amicus Therapeutics, Inc.', 'equity', 'USD', 'NASDAQ'),
  ('d0000001-0000-4000-8000-00000000007a', 'FROG', 'JFrog Ltd.', 'equity', 'USD', 'NASDAQ'),
  ('d0000001-0000-4000-8000-00000000007b', 'GEN', 'Gen Digital Inc.', 'equity', 'USD', 'NASDAQ'),
  ('d0000001-0000-4000-8000-00000000007c', 'HZNP', 'Horizon Therapeutics plc', 'equity', 'USD', 'NASDAQ'),
  ('d0000001-0000-4000-8000-00000000007d', 'ICLR', 'ICON plc', 'equity', 'USD', 'NASDAQ'),
  ('d0000001-0000-4000-8000-00000000007e', 'IOVA', 'Iovance Biotherapeutics, Inc.', 'equity', 'USD', 'NASDAQ'),
  ('d0000001-0000-4000-8000-00000000007f', 'IRDM', 'Iridium Communications Inc.', 'equity', 'USD', 'NASDAQ'),
  ('d0000001-0000-4000-8000-000000000080', 'JAZZ', 'Jazz Pharmaceuticals plc', 'equity', 'USD', 'NASDAQ'),
  ('d0000001-0000-4000-8000-000000000081', 'LCID', 'Lucid Group, Inc.', 'equity', 'USD', 'NASDAQ'),
  ('d0000001-0000-4000-8000-000000000082', 'LPLA', 'LPL Financial Holdings Inc.', 'equity', 'USD', 'NASDAQ'),
  ('d0000001-0000-4000-8000-000000000083', 'MASI', 'Masimo Corporation', 'equity', 'USD', 'NASDAQ'),
  ('d0000001-0000-4000-8000-000000000084', 'MKTX', 'MarketAxess Holdings Inc.', 'equity', 'USD', 'NASDAQ'),
  ('d0000001-0000-4000-8000-000000000085', 'MODV', 'Modivcare Inc.', 'equity', 'USD', 'NASDAQ'),
  ('d0000001-0000-4000-8000-000000000086', 'NBIX', 'Neurocrine Biosciences, Inc.', 'equity', 'USD', 'NASDAQ'),
  ('d0000001-0000-4000-8000-000000000087', 'NCNO', 'nCino, Inc.', 'equity', 'USD', 'NASDAQ'),
  ('d0000001-0000-4000-8000-000000000088', 'NUVL', 'Nuvalent, Inc.', 'equity', 'USD', 'NASDAQ'),
  ('d0000001-0000-4000-8000-000000000089', 'OPEN', 'Opendoor Technologies Inc.', 'equity', 'USD', 'NASDAQ'),
  ('d0000001-0000-4000-8000-00000000008a', 'PODD', 'Insulet Corporation', 'equity', 'USD', 'NASDAQ'),
  ('d0000001-0000-4000-8000-00000000008b', 'RARE', 'Ultragenyx Pharmaceutical Inc.', 'equity', 'USD', 'NASDAQ'),
  ('d0000001-0000-4000-8000-00000000008c', 'RGNX', 'Regenxbio Inc.', 'equity', 'USD', 'NASDAQ'),
  ('d0000001-0000-4000-8000-00000000008d', 'RIVN', 'Rivian Automotive, Inc.', 'equity', 'USD', 'NASDAQ'),
  ('d0000001-0000-4000-8000-00000000008e', 'RUN', 'Sunrun Inc.', 'equity', 'USD', 'NASDAQ'),
  ('d0000001-0000-4000-8000-00000000008f', 'SKY', 'Skyline Champion Corporation', 'equity', 'USD', 'NASDAQ'),
  ('d0000001-0000-4000-8000-000000000090', 'SMCI', 'Super Micro Computer, Inc.', 'equity', 'USD', 'NASDAQ'),
  ('d0000001-0000-4000-8000-000000000091', 'TNDM', 'Tandem Diabetes Care, Inc.', 'equity', 'USD', 'NASDAQ'),
  ('d0000001-0000-4000-8000-000000000092', 'TREE', 'LendingTree, Inc.', 'equity', 'USD', 'NASDAQ'),
  ('d0000001-0000-4000-8000-000000000093', 'TWST', 'Twist Bioscience Corporation', 'equity', 'USD', 'NASDAQ'),
  ('d0000001-0000-4000-8000-000000000094', 'UAL', 'United Airlines Holdings, Inc.', 'equity', 'USD', 'NASDAQ'),
  ('d0000001-0000-4000-8000-000000000095', 'VTRS', 'Viatris Inc.', 'equity', 'USD', 'NASDAQ'),
  ('d0000001-0000-4000-8000-000000000096', 'WIX', 'Wix.com Ltd.', 'equity', 'USD', 'NASDAQ'),
  ('d0000001-0000-4000-8000-000000000097', 'Z', 'Zillow Group, Inc.', 'equity', 'USD', 'NASDAQ'),
  ('d0000001-0000-4000-8000-000000000098', 'ZION', 'Zions Bancorporation, N.A.', 'equity', 'USD', 'NASDAQ'),
  ('d0000001-0000-4000-8000-000000000099', 'AFRM', 'Affirm Holdings, Inc.', 'equity', 'USD', 'NASDAQ'),
  ('d0000001-0000-4000-8000-00000000009a', 'AI', 'C3.ai, Inc.', 'equity', 'USD', 'NASDAQ'),
  ('d0000001-0000-4000-8000-00000000009b', 'BROS', 'Dutch Bros Inc.', 'equity', 'USD', 'NASDAQ'),
  ('d0000001-0000-4000-8000-00000000009c', 'CELH', 'Celsius Holdings, Inc.', 'equity', 'USD', 'NASDAQ'),
  ('d0000001-0000-4000-8000-00000000009d', 'CFLT', 'Confluent, Inc.', 'equity', 'USD', 'NASDAQ'),
  ('d0000001-0000-4000-8000-00000000009e', 'COIN', 'Coinbase Global, Inc.', 'equity', 'USD', 'NASDAQ'),
  ('d0000001-0000-4000-8000-00000000009f', 'DKNG', 'DraftKings Inc.', 'equity', 'USD', 'NASDAQ'),
  ('d0000001-0000-4000-8000-0000000000a0', 'DPZ', 'Domino''s Pizza, Inc.', 'equity', 'USD', 'NASDAQ'),
  ('d0000001-0000-4000-8000-0000000000a1', 'FICO', 'Fair Isaac Corporation', 'equity', 'USD', 'NASDAQ'),
  ('d0000001-0000-4000-8000-0000000000a2', 'FSLR', 'First Solar, Inc.', 'equity', 'USD', 'NASDAQ'),
  ('d0000001-0000-4000-8000-0000000000a3', 'GDDY', 'GoDaddy Inc.', 'equity', 'USD', 'NASDAQ'),
  ('d0000001-0000-4000-8000-0000000000a4', 'GTLB', 'GitLab Inc.', 'equity', 'USD', 'NASDAQ'),
  ('d0000001-0000-4000-8000-0000000000a5', 'HUBS', 'HubSpot, Inc.', 'equity', 'USD', 'NASDAQ'),
  ('d0000001-0000-4000-8000-0000000000a6', 'IRTC', 'iRhythm Technologies, Inc.', 'equity', 'USD', 'NASDAQ'),
  ('d0000001-0000-4000-8000-0000000000a7', 'LI', 'Li Auto Inc.', 'equity', 'USD', 'NASDAQ'),
  ('d0000001-0000-4000-8000-0000000000a8', 'MSTR', 'MicroStrategy Incorporated', 'equity', 'USD', 'NASDAQ'),
  ('d0000001-0000-4000-8000-0000000000a9', 'NU', 'Nu Holdings Ltd.', 'equity', 'USD', 'NASDAQ'),
  ('d0000001-0000-4000-8000-0000000000aa', 'PATH', 'UiPath Inc.', 'equity', 'USD', 'NASDAQ'),
  ('d0000001-0000-4000-8000-0000000000ab', 'RBLX', 'Roblox Corporation', 'equity', 'USD', 'NASDAQ'),
  ('d0000001-0000-4000-8000-0000000000ac', 'ROKU', 'Roku, Inc.', 'equity', 'USD', 'NASDAQ'),
  ('d0000001-0000-4000-8000-0000000000ad', 'SHOP', 'Shopify Inc.', 'equity', 'USD', 'NASDAQ'),
  ('d0000001-0000-4000-8000-0000000000ae', 'SNOW', 'Snowflake Inc.', 'equity', 'USD', 'NASDAQ'),
  ('d0000001-0000-4000-8000-0000000000af', 'SOFI', 'SoFi Technologies, Inc.', 'equity', 'USD', 'NASDAQ'),
  ('d0000001-0000-4000-8000-0000000000b0', 'TTD', 'The Trade Desk, Inc.', 'equity', 'USD', 'NASDAQ'),
  ('d0000001-0000-4000-8000-0000000000b1', 'UBER', 'Uber Technologies, Inc.', 'equity', 'USD', 'NASDAQ'),
  ('d0000001-0000-4000-8000-0000000000b2', 'VEEV', 'Veeva Systems Inc.', 'equity', 'USD', 'NASDAQ'),
  ('d0000001-0000-4000-8000-0000000000b3', 'WBD', 'Warner Bros. Discovery, Inc.', 'equity', 'USD', 'NASDAQ'),
  ('d0000001-0000-4000-8000-0000000000b4', 'ZM', 'Zoom Video Communications, Inc.', 'equity', 'USD', 'NASDAQ'),
  ('d0000001-0000-4000-8000-0000000000b5', 'MU', 'Micron Technology, Inc.', 'equity', 'USD', 'NASDAQ'),
  ('d0000001-0000-4000-8000-0000000000b6', 'WMT', 'Walmart Inc.', 'equity', 'USD', 'NASDAQ'),
  ('d0000001-0000-4000-8000-0000000000b7', 'GOOG', 'Alphabet Inc. Class C', 'equity', 'USD', 'NASDAQ'),
  ('d0000001-0000-4000-8000-0000000000b8', 'META', 'Meta Platforms, Inc.', 'equity', 'USD', 'NASDAQ'),
  ('d0000001-0000-4000-8000-0000000000b9', 'TSLA', 'Tesla, Inc.', 'equity', 'USD', 'NASDAQ'),
  ('d0000001-0000-4000-8000-0000000000ba', 'ADSK', 'Autodesk, Inc.', 'equity', 'USD', 'NASDAQ'),
  ('d0000001-0000-4000-8000-0000000000bb', 'PLTR', 'Palantir Technologies Inc.', 'equity', 'USD', 'NASDAQ'),
  ('d0000001-0000-4000-8000-0000000000bc', 'AAPL', 'Apple Inc.', 'equity', 'USD', 'NASDAQ'),
  ('d0000001-0000-4000-8000-0000000000bd', 'MSFT', 'Microsoft Corporation', 'equity', 'USD', 'NASDAQ'),
  ('d0000001-0000-4000-8000-0000000000be', 'GOOGL', 'Alphabet Inc. Class A', 'equity', 'USD', 'NASDAQ'),
  ('d0000001-0000-4000-8000-0000000000bf', 'AMZN', 'Amazon.com, Inc.', 'equity', 'USD', 'NASDAQ'),
  ('d0000001-0000-4000-8000-0000000000c0', 'NVDA', 'NVIDIA Corporation', 'equity', 'USD', 'NASDAQ'),
  ('d0000001-0000-4000-8000-0000000000c1', 'NDAQ', 'Nasdaq, Inc.', 'equity', 'USD', 'NASDAQ'),
  ('d0000001-0000-4000-8000-0000000000c2', 'BKNG', 'Booking Holdings Inc.', 'equity', 'USD', 'NASDAQ'),
  ('d0000001-0000-4000-8000-0000000000c3', 'ADI', 'Analog Devices, Inc.', 'equity', 'USD', 'NASDAQ'),
  ('d0000001-0000-4000-8000-0000000000c4', 'MTCH', 'Match Group, Inc.', 'equity', 'USD', 'NASDAQ'),
  ('d0000001-0000-4000-8000-0000000000c5', 'LBTYK', 'Liberty Global plc Class C', 'equity', 'USD', 'NASDAQ'),
  ('d0000001-0000-4000-8000-0000000000c6', 'LILAK', 'Liberty Latin America Ltd. Class C', 'equity', 'USD', 'NASDAQ'),
  ('d0000001-0000-4000-8000-0000000000c7', 'QRTEA', 'Qurate Retail, Inc. Series A', 'equity', 'USD', 'NASDAQ'),
  ('d0000001-0000-4000-8000-0000000000c8', 'RDFN', 'Redfin Corporation', 'equity', 'USD', 'NASDAQ'),
  ('d0000001-0000-4000-8000-0000000000c9', 'STX', 'Seagate Technology Holdings plc', 'equity', 'USD', 'NASDAQ'),
  ('d0000001-0000-4000-8000-0000000000ca', 'SYNA', 'Synaptics Incorporated', 'equity', 'USD', 'NASDAQ'),
  ('d0000001-0000-4000-8000-0000000000cb', 'ZG', 'Zillow Group, Inc. Class C', 'equity', 'USD', 'NASDAQ'),
  ('d0000001-0000-4000-8000-0000000000cc', 'YELP', 'Yelp Inc.', 'equity', 'USD', 'NASDAQ')
ON CONFLICT (instrument_id) DO NOTHING;

INSERT INTO portfolio (portfolio_id, account_id, name, base_currency) VALUES
  ('e0000001-0000-4000-8000-000000000001', 'c0000001-0000-4000-8000-000000000001', 'Growth', 'USD'),
  ('e0000001-0000-4000-8000-000000000002', 'c0000001-0000-4000-8000-000000000003', 'Retirement', 'USD')
ON CONFLICT (portfolio_id) DO NOTHING;

INSERT INTO watchlist (watchlist_id, customer_id, name) VALUES
  ('f0000001-0000-4000-8000-000000000001', 'a0000001-0000-4000-8000-000000000001', 'Tech')
ON CONFLICT (watchlist_id) DO NOTHING;

INSERT INTO watchlist_item (watchlist_item_id, watchlist_id, instrument_id) VALUES
  ('f1000001-0000-4000-8000-000000000001', 'f0000001-0000-4000-8000-000000000001', 'd0000001-0000-4000-8000-000000000001'),
  ('f1000001-0000-4000-8000-000000000002', 'f0000001-0000-4000-8000-000000000001', 'd0000001-0000-4000-8000-000000000002')
ON CONFLICT (watchlist_item_id) DO NOTHING;

INSERT INTO position (position_id, portfolio_id, instrument_id, quantity, cost_basis, as_of_date) VALUES
  ('p0000001-0000-4000-8000-000000000001', 'e0000001-0000-4000-8000-000000000001', 'd0000001-0000-4000-8000-000000000001', 100, 150.00, CURRENT_DATE),
  ('p0000001-0000-4000-8000-000000000002', 'e0000001-0000-4000-8000-000000000001', 'd0000001-0000-4000-8000-000000000002', 50, 380.00, CURRENT_DATE),
  ('p0000001-0000-4000-8000-000000000003', 'e0000001-0000-4000-8000-000000000001', 'd0000001-0000-4000-8000-000000000004', 20, 450.00, CURRENT_DATE)
ON CONFLICT (position_id) DO NOTHING;

INSERT INTO bond (bond_id, instrument_id, face_value, coupon_rate, ytm, duration, convexity, maturity_years, frequency) VALUES
  ('b0000001-0000-4000-8000-000000000001', 'd0000001-0000-4000-8000-000000000003', 1000, 0.045, 0.047, 1.92, 4.2, 2, 2)
ON CONFLICT (bond_id) DO NOTHING;

INSERT INTO orders (order_id, account_id, instrument_id, side, quantity, order_type, status) VALUES
  ('o0000001-0000-4000-8000-000000000001', 'c0000001-0000-4000-8000-000000000001', 'd0000001-0000-4000-8000-000000000001', 'buy', 100, 'market', 'filled')
ON CONFLICT (order_id) DO NOTHING;

INSERT INTO trade (trade_id, order_id, quantity, price, fee, executed_at) VALUES
  ('t0000001-0000-4000-8000-000000000001', 'o0000001-0000-4000-8000-000000000001', 100, 175.50, 1.00, now() - interval '1 day')
ON CONFLICT (trade_id) DO NOTHING;

INSERT INTO cash_transaction (transaction_id, account_id, type, amount, currency, status) VALUES
  ('x0000001-0000-4000-8000-000000000001', 'c0000001-0000-4000-8000-000000000002', 'deposit', 10000.00, 'USD', 'completed')
ON CONFLICT (transaction_id) DO NOTHING;

INSERT INTO payment (payment_id, account_id, counterparty, amount, currency, status) VALUES
  ('y0000001-0000-4000-8000-000000000001', 'c0000001-0000-4000-8000-000000000001', 'Broker XYZ', 17551.00, 'USD', 'completed')
ON CONFLICT (payment_id) DO NOTHING;

INSERT INTO settlement (settlement_id, trade_id, payment_id, status, settled_at) VALUES
  ('s0000001-0000-4000-8000-000000000001', 't0000001-0000-4000-8000-000000000001', 'y0000001-0000-4000-8000-000000000001', 'settled', now())
ON CONFLICT (settlement_id) DO NOTHING;

INSERT INTO market_data (data_id, instrument_id, timestamp, open, high, low, close, volume, change_pct) VALUES
  ('m0000001-0000-4000-8000-000000000001', 'd0000001-0000-4000-8000-000000000001', now() - interval '1 hour', 178.20, 179.00, 177.80, 178.50, 25000000, 0.45),
  ('m0000001-0000-4000-8000-000000000002', 'd0000001-0000-4000-8000-000000000002', now() - interval '1 hour', 420.00, 422.50, 419.00, 421.00, 15000000, 0.30),
  ('m0000001-0000-4000-8000-000000000003', 'd0000001-0000-4000-8000-000000000005', now() - interval '1 hour', 22.40, 22.80, 22.20, 22.60, 42000000, 0.89),
  ('m0000001-0000-4000-8000-000000000004', 'd0000001-0000-4000-8000-000000000006', now() - interval '1 hour', 178.50, 181.00, 177.80, 180.20, 52000000, 1.52),
  ('m0000001-0000-4000-8000-000000000005', 'd0000001-0000-4000-8000-000000000007', now() - interval '1 hour', 548.00, 552.00, 546.00, 550.50, 2100000, 0.46),
  ('m0000001-0000-4000-8000-000000000006', 'd0000001-0000-4000-8000-000000000008', now() - interval '1 hour', 268.00, 271.50, 267.00, 270.20, 6800000, 0.82),
  ('m0000001-0000-4000-8000-000000000007', 'd0000001-0000-4000-8000-000000000009', now() - interval '1 hour', 685.00, 692.00, 682.00, 688.50, 3200000, 0.51),
  ('m0000001-0000-4000-8000-000000000008', 'd0000001-0000-4000-8000-00000000000a', now() - interval '1 hour', 218.50, 222.00, 217.50, 220.80, 2800000, 1.05),
  ('m0000001-0000-4000-8000-000000000009', 'd0000001-0000-4000-8000-00000000000b', now() - interval '1 hour', 138.00, 140.50, 137.20, 139.80, 6200000, 1.30),
  ('m0000001-0000-4000-8000-00000000000a', 'd0000001-0000-4000-8000-00000000000c', now() - interval '1 hour', 52.20, 52.80, 51.80, 52.50, 18500000, 0.57),
  ('m0000001-0000-4000-8000-00000000000b', 'd0000001-0000-4000-8000-00000000000d', now() - interval '1 hour', 218.00, 220.00, 217.00, 219.20, 5200000, 0.55),
  ('m0000001-0000-4000-8000-00000000000c', 'd0000001-0000-4000-8000-00000000000e', now() - interval '1 hour', 985.00, 992.00, 982.00, 988.50, 1800000, 0.36),
  ('m0000001-0000-4000-8000-00000000000d', 'd0000001-0000-4000-8000-00000000000f', now() - interval '1 hour', 428.00, 432.00, 426.00, 430.50, 1200000, 0.58),
  ('m0000001-0000-4000-8000-00000000000e', 'd0000001-0000-4000-8000-000000000010', now() - interval '1 hour', 68.50, 69.20, 68.00, 68.90, 5800000, 0.29),
  ('m0000001-0000-4000-8000-00000000000f', 'd0000001-0000-4000-8000-000000000011', now() - interval '1 hour', 312.00, 315.00, 310.50, 313.80, 2500000, 0.58),
  ('m0000001-0000-4000-8000-000000000010', 'd0000001-0000-4000-8000-000000000012', now() - interval '1 hour', 92.50, 93.50, 92.00, 93.20, 6200000, 0.76),
  ('m0000001-0000-4000-8000-000000000011', 'd0000001-0000-4000-8000-000000000013', now() - interval '1 hour', 178.00, 180.00, 177.00, 179.20, 4200000, 0.67),
  ('m0000001-0000-4000-8000-000000000012', 'd0000001-0000-4000-8000-000000000014', now() - interval '1 hour', 178.50, 180.00, 177.80, 179.50, 3800000, 0.56),
  ('m0000001-0000-4000-8000-000000000013', 'd0000001-0000-4000-8000-000000000015', now() - interval '1 hour', 472.00, 476.00, 470.00, 474.50, 1500000, 0.53),
  ('m0000001-0000-4000-8000-000000000014', 'd0000001-0000-4000-8000-000000000016', now() - interval '1 hour', 72.50, 73.20, 72.00, 72.80, 5200000, 0.41),
  ('m0000001-0000-4000-8000-000000000015', 'd0000001-0000-4000-8000-000000000017', now() - interval '1 hour', 852.00, 858.00, 848.00, 855.00, 980000, 0.35),
  ('m0000001-0000-4000-8000-000000000016', 'd0000001-0000-4000-8000-000000000018', now() - interval '1 hour', 62.50, 63.20, 62.00, 62.80, 6800000, 0.48),
  ('m0000001-0000-4000-8000-000000000017', 'd0000001-0000-4000-8000-000000000019', now() - interval '1 hour', 42.50, 43.00, 42.20, 42.80, 8200000, 0.71),
  ('m0000001-0000-4000-8000-000000000018', 'd0000001-0000-4000-8000-00000000001a', now() - interval '1 hour', 398.00, 402.00, 396.00, 400.50, 2100000, 0.63),
  ('m0000001-0000-4000-8000-000000000019', 'd0000001-0000-4000-8000-00000000001b', now() - interval '1 hour', 318.00, 321.00, 316.00, 319.50, 1500000, 0.47),
  ('m0000001-0000-4000-8000-00000000001a', 'd0000001-0000-4000-8000-00000000001b', now() - interval '1 hour', 1025.00, 1032.00, 1022.00, 1028.00, 1200000, 0.29),
  ('m0000001-0000-4000-8000-00000000001b', 'd0000001-0000-4000-8000-00000000001c', now() - interval '1 hour', 1125.00, 1132.00, 1122.00, 1128.00, 980000, 0.27)
ON CONFLICT (data_id) DO NOTHING;

INSERT INTO market_data (data_id, instrument_id, timestamp, open, high, low, close, volume, change_pct) VALUES
  ('m0000001-0000-4000-8000-00000000001c', 'd0000001-0000-4000-8000-00000000001d', now() - interval '1 hour', 50.0, 51.0, 49.0, 49.90, 1000000, -0.20),
  ('m0000001-0000-4000-8000-00000000001d', 'd0000001-0000-4000-8000-00000000001e', now() - interval '1 hour', 51.0, 52.0, 50.0, 50.95, 2000000, -0.10),
  ('m0000001-0000-4000-8000-00000000001e', 'd0000001-0000-4000-8000-00000000001f', now() - interval '1 hour', 52.0, 53.0, 51.0, 52.00, 3000000, 0.00),
  ('m0000001-0000-4000-8000-00000000001f', 'd0000001-0000-4000-8000-000000000020', now() - interval '1 hour', 53.0, 54.1, 51.9, 53.05, 4000000, 0.10),
  ('m0000001-0000-4000-8000-000000000020', 'd0000001-0000-4000-8000-000000000021', now() - interval '1 hour', 54.0, 55.1, 52.9, 54.11, 5000000, 0.20),
  ('m0000001-0000-4000-8000-000000000021', 'd0000001-0000-4000-8000-000000000022', now() - interval '1 hour', 55.0, 56.1, 53.9, 54.89, 6000000, -0.20),
  ('m0000001-0000-4000-8000-000000000022', 'd0000001-0000-4000-8000-000000000023', now() - interval '1 hour', 56.0, 57.1, 54.9, 55.94, 7000000, -0.10),
  ('m0000001-0000-4000-8000-000000000023', 'd0000001-0000-4000-8000-000000000024', now() - interval '1 hour', 57.0, 58.1, 55.9, 57.00, 8000000, 0.00),
  ('m0000001-0000-4000-8000-000000000024', 'd0000001-0000-4000-8000-000000000025', now() - interval '1 hour', 58.0, 59.2, 56.8, 58.06, 9000000, 0.10),
  ('m0000001-0000-4000-8000-000000000025', 'd0000001-0000-4000-8000-000000000026', now() - interval '1 hour', 59.0, 60.2, 57.8, 59.12, 10000000, 0.20),
  ('m0000001-0000-4000-8000-000000000026', 'd0000001-0000-4000-8000-000000000027', now() - interval '1 hour', 60.0, 61.2, 58.8, 59.88, 11000000, -0.20),
  ('m0000001-0000-4000-8000-000000000027', 'd0000001-0000-4000-8000-000000000028', now() - interval '1 hour', 61.0, 62.2, 59.8, 60.94, 12000000, -0.10),
  ('m0000001-0000-4000-8000-000000000028', 'd0000001-0000-4000-8000-000000000029', now() - interval '1 hour', 62.0, 63.2, 60.8, 62.00, 13000000, 0.00),
  ('m0000001-0000-4000-8000-000000000029', 'd0000001-0000-4000-8000-00000000002a', now() - interval '1 hour', 63.0, 64.3, 61.7, 63.06, 14000000, 0.10),
  ('m0000001-0000-4000-8000-00000000002a', 'd0000001-0000-4000-8000-00000000002b', now() - interval '1 hour', 64.0, 65.3, 62.7, 64.13, 15000000, 0.20),
  ('m0000001-0000-4000-8000-00000000002b', 'd0000001-0000-4000-8000-00000000002c', now() - interval '1 hour', 65.0, 66.3, 63.7, 64.87, 16000000, -0.20),
  ('m0000001-0000-4000-8000-00000000002c', 'd0000001-0000-4000-8000-00000000002d', now() - interval '1 hour', 66.0, 67.3, 64.7, 65.93, 17000000, -0.10),
  ('m0000001-0000-4000-8000-00000000002d', 'd0000001-0000-4000-8000-00000000002e', now() - interval '1 hour', 67.0, 68.3, 65.7, 67.00, 18000000, 0.00),
  ('m0000001-0000-4000-8000-00000000002e', 'd0000001-0000-4000-8000-00000000002f', now() - interval '1 hour', 68.0, 69.4, 66.6, 68.07, 19000000, 0.10),
  ('m0000001-0000-4000-8000-00000000002f', 'd0000001-0000-4000-8000-000000000030', now() - interval '1 hour', 69.0, 70.4, 67.6, 69.14, 20000000, 0.20),
  ('m0000001-0000-4000-8000-000000000030', 'd0000001-0000-4000-8000-000000000031', now() - interval '1 hour', 70.0, 71.4, 68.6, 69.86, 21000000, -0.20),
  ('m0000001-0000-4000-8000-000000000031', 'd0000001-0000-4000-8000-000000000032', now() - interval '1 hour', 71.0, 72.4, 69.6, 70.93, 22000000, -0.10),
  ('m0000001-0000-4000-8000-000000000032', 'd0000001-0000-4000-8000-000000000033', now() - interval '1 hour', 72.0, 73.4, 70.6, 72.00, 23000000, 0.00),
  ('m0000001-0000-4000-8000-000000000033', 'd0000001-0000-4000-8000-000000000034', now() - interval '1 hour', 73.0, 74.5, 71.5, 73.07, 24000000, 0.10),
  ('m0000001-0000-4000-8000-000000000034', 'd0000001-0000-4000-8000-000000000035', now() - interval '1 hour', 74.0, 75.5, 72.5, 74.15, 25000000, 0.20),
  ('m0000001-0000-4000-8000-000000000035', 'd0000001-0000-4000-8000-000000000036', now() - interval '1 hour', 75.0, 76.5, 73.5, 74.85, 26000000, -0.20),
  ('m0000001-0000-4000-8000-000000000036', 'd0000001-0000-4000-8000-000000000037', now() - interval '1 hour', 76.0, 77.5, 74.5, 75.92, 27000000, -0.10),
  ('m0000001-0000-4000-8000-000000000037', 'd0000001-0000-4000-8000-000000000038', now() - interval '1 hour', 77.0, 78.5, 75.5, 77.00, 28000000, 0.00),
  ('m0000001-0000-4000-8000-000000000038', 'd0000001-0000-4000-8000-000000000039', now() - interval '1 hour', 78.0, 79.6, 76.4, 78.08, 29000000, 0.10),
  ('m0000001-0000-4000-8000-000000000039', 'd0000001-0000-4000-8000-00000000003a', now() - interval '1 hour', 79.0, 80.6, 77.4, 79.16, 30000000, 0.20),
  ('m0000001-0000-4000-8000-00000000003a', 'd0000001-0000-4000-8000-00000000003b', now() - interval '1 hour', 80.0, 81.6, 78.4, 79.84, 31000000, -0.20),
  ('m0000001-0000-4000-8000-00000000003b', 'd0000001-0000-4000-8000-00000000003c', now() - interval '1 hour', 81.0, 82.6, 79.4, 80.92, 32000000, -0.10),
  ('m0000001-0000-4000-8000-00000000003c', 'd0000001-0000-4000-8000-00000000003d', now() - interval '1 hour', 82.0, 83.6, 80.4, 82.00, 33000000, 0.00),
  ('m0000001-0000-4000-8000-00000000003d', 'd0000001-0000-4000-8000-00000000003e', now() - interval '1 hour', 83.0, 84.7, 81.3, 83.08, 34000000, 0.10),
  ('m0000001-0000-4000-8000-00000000003e', 'd0000001-0000-4000-8000-00000000003f', now() - interval '1 hour', 84.0, 85.7, 82.3, 84.17, 35000000, 0.20),
  ('m0000001-0000-4000-8000-00000000003f', 'd0000001-0000-4000-8000-000000000040', now() - interval '1 hour', 85.0, 86.7, 83.3, 84.83, 36000000, -0.20),
  ('m0000001-0000-4000-8000-000000000040', 'd0000001-0000-4000-8000-000000000041', now() - interval '1 hour', 86.0, 87.7, 84.3, 85.91, 37000000, -0.10),
  ('m0000001-0000-4000-8000-000000000041', 'd0000001-0000-4000-8000-000000000042', now() - interval '1 hour', 87.0, 88.7, 85.3, 87.00, 38000000, 0.00),
  ('m0000001-0000-4000-8000-000000000042', 'd0000001-0000-4000-8000-000000000043', now() - interval '1 hour', 88.0, 89.8, 86.2, 88.09, 39000000, 0.10),
  ('m0000001-0000-4000-8000-000000000043', 'd0000001-0000-4000-8000-000000000044', now() - interval '1 hour', 89.0, 90.8, 87.2, 89.18, 40000000, 0.20),
  ('m0000001-0000-4000-8000-000000000044', 'd0000001-0000-4000-8000-000000000045', now() - interval '1 hour', 90.0, 91.8, 88.2, 89.82, 41000000, -0.20),
  ('m0000001-0000-4000-8000-000000000045', 'd0000001-0000-4000-8000-000000000046', now() - interval '1 hour', 91.0, 92.8, 89.2, 90.91, 42000000, -0.10),
  ('m0000001-0000-4000-8000-000000000046', 'd0000001-0000-4000-8000-000000000047', now() - interval '1 hour', 92.0, 93.8, 90.2, 92.00, 43000000, 0.00),
  ('m0000001-0000-4000-8000-000000000047', 'd0000001-0000-4000-8000-000000000048', now() - interval '1 hour', 93.0, 94.9, 91.1, 93.09, 44000000, 0.10),
  ('m0000001-0000-4000-8000-000000000048', 'd0000001-0000-4000-8000-000000000049', now() - interval '1 hour', 94.0, 95.9, 92.1, 94.19, 45000000, 0.20),
  ('m0000001-0000-4000-8000-000000000049', 'd0000001-0000-4000-8000-00000000004a', now() - interval '1 hour', 95.0, 96.9, 93.1, 94.81, 46000000, -0.20),
  ('m0000001-0000-4000-8000-00000000004a', 'd0000001-0000-4000-8000-00000000004b', now() - interval '1 hour', 96.0, 97.9, 94.1, 95.90, 47000000, -0.10),
  ('m0000001-0000-4000-8000-00000000004b', 'd0000001-0000-4000-8000-00000000004c', now() - interval '1 hour', 97.0, 98.9, 95.1, 97.00, 48000000, 0.00),
  ('m0000001-0000-4000-8000-00000000004c', 'd0000001-0000-4000-8000-00000000004d', now() - interval '1 hour', 98.0, 100.0, 96.0, 98.10, 49000000, 0.10),
  ('m0000001-0000-4000-8000-00000000004d', 'd0000001-0000-4000-8000-00000000004e', now() - interval '1 hour', 99.0, 101.0, 97.0, 99.20, 50000000, 0.20),
  ('m0000001-0000-4000-8000-00000000004e', 'd0000001-0000-4000-8000-00000000004f', now() - interval '1 hour', 100.0, 102.0, 98.0, 99.80, 51000000, -0.20),
  ('m0000001-0000-4000-8000-00000000004f', 'd0000001-0000-4000-8000-000000000050', now() - interval '1 hour', 101.0, 103.0, 99.0, 100.90, 52000000, -0.10),
  ('m0000001-0000-4000-8000-000000000050', 'd0000001-0000-4000-8000-000000000051', now() - interval '1 hour', 102.0, 104.0, 100.0, 102.00, 53000000, 0.00),
  ('m0000001-0000-4000-8000-000000000051', 'd0000001-0000-4000-8000-000000000052', now() - interval '1 hour', 103.0, 105.1, 100.9, 103.10, 54000000, 0.10),
  ('m0000001-0000-4000-8000-000000000052', 'd0000001-0000-4000-8000-000000000053', now() - interval '1 hour', 104.0, 106.1, 101.9, 104.21, 55000000, 0.20),
  ('m0000001-0000-4000-8000-000000000053', 'd0000001-0000-4000-8000-000000000054', now() - interval '1 hour', 105.0, 107.1, 102.9, 104.79, 56000000, -0.20),
  ('m0000001-0000-4000-8000-000000000054', 'd0000001-0000-4000-8000-000000000055', now() - interval '1 hour', 106.0, 108.1, 103.9, 105.89, 57000000, -0.10),
  ('m0000001-0000-4000-8000-000000000055', 'd0000001-0000-4000-8000-000000000056', now() - interval '1 hour', 107.0, 109.1, 104.9, 107.00, 58000000, 0.00),
  ('m0000001-0000-4000-8000-000000000056', 'd0000001-0000-4000-8000-000000000057', now() - interval '1 hour', 108.0, 110.2, 105.8, 108.11, 59000000, 0.10),
  ('m0000001-0000-4000-8000-000000000057', 'd0000001-0000-4000-8000-000000000058', now() - interval '1 hour', 109.0, 111.2, 106.8, 109.22, 60000000, 0.20),
  ('m0000001-0000-4000-8000-000000000058', 'd0000001-0000-4000-8000-000000000059', now() - interval '1 hour', 110.0, 112.2, 107.8, 109.78, 61000000, -0.20),
  ('m0000001-0000-4000-8000-000000000059', 'd0000001-0000-4000-8000-00000000005a', now() - interval '1 hour', 111.0, 113.2, 108.8, 110.89, 62000000, -0.10),
  ('m0000001-0000-4000-8000-00000000005a', 'd0000001-0000-4000-8000-00000000005b', now() - interval '1 hour', 112.0, 114.2, 109.8, 112.00, 63000000, 0.00),
  ('m0000001-0000-4000-8000-00000000005b', 'd0000001-0000-4000-8000-00000000005c', now() - interval '1 hour', 113.0, 115.3, 110.7, 113.11, 64000000, 0.10),
  ('m0000001-0000-4000-8000-00000000005c', 'd0000001-0000-4000-8000-00000000005d', now() - interval '1 hour', 114.0, 116.3, 111.7, 114.23, 65000000, 0.20),
  ('m0000001-0000-4000-8000-00000000005d', 'd0000001-0000-4000-8000-00000000005e', now() - interval '1 hour', 115.0, 117.3, 112.7, 114.77, 66000000, -0.20),
  ('m0000001-0000-4000-8000-00000000005e', 'd0000001-0000-4000-8000-00000000005f', now() - interval '1 hour', 116.0, 118.3, 113.7, 115.88, 67000000, -0.10),
  ('m0000001-0000-4000-8000-00000000005f', 'd0000001-0000-4000-8000-000000000060', now() - interval '1 hour', 117.0, 119.3, 114.7, 117.00, 68000000, 0.00),
  ('m0000001-0000-4000-8000-000000000060', 'd0000001-0000-4000-8000-000000000061', now() - interval '1 hour', 118.0, 120.4, 115.6, 118.12, 69000000, 0.10),
  ('m0000001-0000-4000-8000-000000000061', 'd0000001-0000-4000-8000-000000000062', now() - interval '1 hour', 119.0, 121.4, 116.6, 119.24, 70000000, 0.20),
  ('m0000001-0000-4000-8000-000000000062', 'd0000001-0000-4000-8000-000000000063', now() - interval '1 hour', 120.0, 122.4, 117.6, 119.76, 71000000, -0.20),
  ('m0000001-0000-4000-8000-000000000063', 'd0000001-0000-4000-8000-000000000064', now() - interval '1 hour', 121.0, 123.4, 118.6, 120.88, 72000000, -0.10),
  ('m0000001-0000-4000-8000-000000000064', 'd0000001-0000-4000-8000-000000000065', now() - interval '1 hour', 122.0, 124.4, 119.6, 122.00, 73000000, 0.00),
  ('m0000001-0000-4000-8000-000000000065', 'd0000001-0000-4000-8000-000000000066', now() - interval '1 hour', 123.0, 125.5, 120.5, 123.12, 74000000, 0.10),
  ('m0000001-0000-4000-8000-000000000066', 'd0000001-0000-4000-8000-000000000067', now() - interval '1 hour', 124.0, 126.5, 121.5, 124.25, 75000000, 0.20),
  ('m0000001-0000-4000-8000-000000000067', 'd0000001-0000-4000-8000-000000000068', now() - interval '1 hour', 125.0, 127.5, 122.5, 124.75, 76000000, -0.20),
  ('m0000001-0000-4000-8000-000000000068', 'd0000001-0000-4000-8000-000000000069', now() - interval '1 hour', 126.0, 128.5, 123.5, 125.87, 77000000, -0.10),
  ('m0000001-0000-4000-8000-000000000069', 'd0000001-0000-4000-8000-00000000006a', now() - interval '1 hour', 127.0, 129.5, 124.5, 127.00, 78000000, 0.00),
  ('m0000001-0000-4000-8000-00000000006a', 'd0000001-0000-4000-8000-00000000006b', now() - interval '1 hour', 128.0, 130.6, 125.4, 128.13, 79000000, 0.10),
  ('m0000001-0000-4000-8000-00000000006b', 'd0000001-0000-4000-8000-00000000006c', now() - interval '1 hour', 129.0, 131.6, 126.4, 129.26, 80000000, 0.20),
  ('m0000001-0000-4000-8000-00000000006c', 'd0000001-0000-4000-8000-00000000006d', now() - interval '1 hour', 130.0, 132.6, 127.4, 129.74, 81000000, -0.20),
  ('m0000001-0000-4000-8000-00000000006d', 'd0000001-0000-4000-8000-00000000006e', now() - interval '1 hour', 131.0, 133.6, 128.4, 130.87, 82000000, -0.10),
  ('m0000001-0000-4000-8000-00000000006e', 'd0000001-0000-4000-8000-00000000006f', now() - interval '1 hour', 132.0, 134.6, 129.4, 132.00, 83000000, 0.00),
  ('m0000001-0000-4000-8000-00000000006f', 'd0000001-0000-4000-8000-000000000070', now() - interval '1 hour', 133.0, 135.7, 130.3, 133.13, 84000000, 0.10),
  ('m0000001-0000-4000-8000-000000000070', 'd0000001-0000-4000-8000-000000000071', now() - interval '1 hour', 134.0, 136.7, 131.3, 134.27, 85000000, 0.20),
  ('m0000001-0000-4000-8000-000000000071', 'd0000001-0000-4000-8000-000000000072', now() - interval '1 hour', 135.0, 137.7, 132.3, 134.73, 86000000, -0.20),
  ('m0000001-0000-4000-8000-000000000072', 'd0000001-0000-4000-8000-000000000073', now() - interval '1 hour', 136.0, 138.7, 133.3, 135.86, 87000000, -0.10),
  ('m0000001-0000-4000-8000-000000000073', 'd0000001-0000-4000-8000-000000000074', now() - interval '1 hour', 137.0, 139.7, 134.3, 137.00, 88000000, 0.00),
  ('m0000001-0000-4000-8000-000000000074', 'd0000001-0000-4000-8000-000000000075', now() - interval '1 hour', 138.0, 140.8, 135.2, 138.14, 89000000, 0.10),
  ('m0000001-0000-4000-8000-000000000075', 'd0000001-0000-4000-8000-000000000076', now() - interval '1 hour', 139.0, 141.8, 136.2, 139.28, 90000000, 0.20),
  ('m0000001-0000-4000-8000-000000000076', 'd0000001-0000-4000-8000-000000000077', now() - interval '1 hour', 140.0, 142.8, 137.2, 139.72, 91000000, -0.20),
  ('m0000001-0000-4000-8000-000000000077', 'd0000001-0000-4000-8000-000000000078', now() - interval '1 hour', 141.0, 143.8, 138.2, 140.86, 92000000, -0.10),
  ('m0000001-0000-4000-8000-000000000078', 'd0000001-0000-4000-8000-000000000079', now() - interval '1 hour', 142.0, 144.8, 139.2, 142.00, 93000000, 0.00),
  ('m0000001-0000-4000-8000-000000000079', 'd0000001-0000-4000-8000-00000000007a', now() - interval '1 hour', 143.0, 145.9, 140.1, 143.14, 94000000, 0.10),
  ('m0000001-0000-4000-8000-00000000007a', 'd0000001-0000-4000-8000-00000000007b', now() - interval '1 hour', 144.0, 146.9, 141.1, 144.29, 95000000, 0.20),
  ('m0000001-0000-4000-8000-00000000007b', 'd0000001-0000-4000-8000-00000000007c', now() - interval '1 hour', 145.0, 147.9, 142.1, 144.71, 96000000, -0.20),
  ('m0000001-0000-4000-8000-00000000007c', 'd0000001-0000-4000-8000-00000000007d', now() - interval '1 hour', 146.0, 148.9, 143.1, 145.85, 97000000, -0.10),
  ('m0000001-0000-4000-8000-00000000007d', 'd0000001-0000-4000-8000-00000000007e', now() - interval '1 hour', 147.0, 149.9, 144.1, 147.00, 98000000, 0.00),
  ('m0000001-0000-4000-8000-00000000007e', 'd0000001-0000-4000-8000-00000000007f', now() - interval '1 hour', 148.0, 151.0, 145.0, 148.15, 99000000, 0.10),
  ('m0000001-0000-4000-8000-00000000007f', 'd0000001-0000-4000-8000-000000000080', now() - interval '1 hour', 149.0, 152.0, 146.0, 149.30, 100000000, 0.20),
  ('m0000001-0000-4000-8000-000000000080', 'd0000001-0000-4000-8000-000000000081', now() - interval '1 hour', 150.0, 153.0, 147.0, 149.70, 1000000, -0.20),
  ('m0000001-0000-4000-8000-000000000081', 'd0000001-0000-4000-8000-000000000082', now() - interval '1 hour', 151.0, 154.0, 148.0, 150.85, 2000000, -0.10),
  ('m0000001-0000-4000-8000-000000000082', 'd0000001-0000-4000-8000-000000000083', now() - interval '1 hour', 152.0, 155.0, 149.0, 152.00, 3000000, 0.00),
  ('m0000001-0000-4000-8000-000000000083', 'd0000001-0000-4000-8000-000000000084', now() - interval '1 hour', 153.0, 156.1, 149.9, 153.15, 4000000, 0.10),
  ('m0000001-0000-4000-8000-000000000084', 'd0000001-0000-4000-8000-000000000085', now() - interval '1 hour', 154.0, 157.1, 150.9, 154.31, 5000000, 0.20),
  ('m0000001-0000-4000-8000-000000000085', 'd0000001-0000-4000-8000-000000000086', now() - interval '1 hour', 155.0, 158.1, 151.9, 154.69, 6000000, -0.20),
  ('m0000001-0000-4000-8000-000000000086', 'd0000001-0000-4000-8000-000000000087', now() - interval '1 hour', 156.0, 159.1, 152.9, 155.84, 7000000, -0.10),
  ('m0000001-0000-4000-8000-000000000087', 'd0000001-0000-4000-8000-000000000088', now() - interval '1 hour', 157.0, 160.1, 153.9, 157.00, 8000000, 0.00),
  ('m0000001-0000-4000-8000-000000000088', 'd0000001-0000-4000-8000-000000000089', now() - interval '1 hour', 158.0, 161.2, 154.8, 158.16, 9000000, 0.10),
  ('m0000001-0000-4000-8000-000000000089', 'd0000001-0000-4000-8000-00000000008a', now() - interval '1 hour', 159.0, 162.2, 155.8, 159.32, 10000000, 0.20),
  ('m0000001-0000-4000-8000-00000000008a', 'd0000001-0000-4000-8000-00000000008b', now() - interval '1 hour', 160.0, 163.2, 156.8, 159.68, 11000000, -0.20),
  ('m0000001-0000-4000-8000-00000000008b', 'd0000001-0000-4000-8000-00000000008c', now() - interval '1 hour', 161.0, 164.2, 157.8, 160.84, 12000000, -0.10),
  ('m0000001-0000-4000-8000-00000000008c', 'd0000001-0000-4000-8000-00000000008d', now() - interval '1 hour', 162.0, 165.2, 158.8, 162.00, 13000000, 0.00),
  ('m0000001-0000-4000-8000-00000000008d', 'd0000001-0000-4000-8000-00000000008e', now() - interval '1 hour', 163.0, 166.3, 159.7, 163.16, 14000000, 0.10),
  ('m0000001-0000-4000-8000-00000000008e', 'd0000001-0000-4000-8000-00000000008f', now() - interval '1 hour', 164.0, 167.3, 160.7, 164.33, 15000000, 0.20),
  ('m0000001-0000-4000-8000-00000000008f', 'd0000001-0000-4000-8000-000000000090', now() - interval '1 hour', 165.0, 168.3, 161.7, 164.67, 16000000, -0.20),
  ('m0000001-0000-4000-8000-000000000090', 'd0000001-0000-4000-8000-000000000091', now() - interval '1 hour', 166.0, 169.3, 162.7, 165.83, 17000000, -0.10),
  ('m0000001-0000-4000-8000-000000000091', 'd0000001-0000-4000-8000-000000000092', now() - interval '1 hour', 167.0, 170.3, 163.7, 167.00, 18000000, 0.00),
  ('m0000001-0000-4000-8000-000000000092', 'd0000001-0000-4000-8000-000000000093', now() - interval '1 hour', 168.0, 171.4, 164.6, 168.17, 19000000, 0.10),
  ('m0000001-0000-4000-8000-000000000093', 'd0000001-0000-4000-8000-000000000094', now() - interval '1 hour', 169.0, 172.4, 165.6, 169.34, 20000000, 0.20),
  ('m0000001-0000-4000-8000-000000000094', 'd0000001-0000-4000-8000-000000000095', now() - interval '1 hour', 170.0, 173.4, 166.6, 169.66, 21000000, -0.20),
  ('m0000001-0000-4000-8000-000000000095', 'd0000001-0000-4000-8000-000000000096', now() - interval '1 hour', 171.0, 174.4, 167.6, 170.83, 22000000, -0.10),
  ('m0000001-0000-4000-8000-000000000096', 'd0000001-0000-4000-8000-000000000097', now() - interval '1 hour', 172.0, 175.4, 168.6, 172.00, 23000000, 0.00),
  ('m0000001-0000-4000-8000-000000000097', 'd0000001-0000-4000-8000-000000000098', now() - interval '1 hour', 173.0, 176.5, 169.5, 173.17, 24000000, 0.10),
  ('m0000001-0000-4000-8000-000000000098', 'd0000001-0000-4000-8000-000000000099', now() - interval '1 hour', 174.0, 177.5, 170.5, 174.35, 25000000, 0.20),
  ('m0000001-0000-4000-8000-000000000099', 'd0000001-0000-4000-8000-00000000009a', now() - interval '1 hour', 175.0, 178.5, 171.5, 174.65, 26000000, -0.20),
  ('m0000001-0000-4000-8000-00000000009a', 'd0000001-0000-4000-8000-00000000009b', now() - interval '1 hour', 176.0, 179.5, 172.5, 175.82, 27000000, -0.10),
  ('m0000001-0000-4000-8000-00000000009b', 'd0000001-0000-4000-8000-00000000009c', now() - interval '1 hour', 177.0, 180.5, 173.5, 177.00, 28000000, 0.00),
  ('m0000001-0000-4000-8000-00000000009c', 'd0000001-0000-4000-8000-00000000009d', now() - interval '1 hour', 178.0, 181.6, 174.4, 178.18, 29000000, 0.10),
  ('m0000001-0000-4000-8000-00000000009d', 'd0000001-0000-4000-8000-00000000009e', now() - interval '1 hour', 179.0, 182.6, 175.4, 179.36, 30000000, 0.20),
  ('m0000001-0000-4000-8000-00000000009e', 'd0000001-0000-4000-8000-00000000009f', now() - interval '1 hour', 180.0, 183.6, 176.4, 179.64, 31000000, -0.20),
  ('m0000001-0000-4000-8000-00000000009f', 'd0000001-0000-4000-8000-0000000000a0', now() - interval '1 hour', 181.0, 184.6, 177.4, 180.82, 32000000, -0.10),
  ('m0000001-0000-4000-8000-0000000000a0', 'd0000001-0000-4000-8000-0000000000a1', now() - interval '1 hour', 182.0, 185.6, 178.4, 182.00, 33000000, 0.00),
  ('m0000001-0000-4000-8000-0000000000a1', 'd0000001-0000-4000-8000-0000000000a2', now() - interval '1 hour', 183.0, 186.7, 179.3, 183.18, 34000000, 0.10),
  ('m0000001-0000-4000-8000-0000000000a2', 'd0000001-0000-4000-8000-0000000000a3', now() - interval '1 hour', 184.0, 187.7, 180.3, 184.37, 35000000, 0.20),
  ('m0000001-0000-4000-8000-0000000000a3', 'd0000001-0000-4000-8000-0000000000a4', now() - interval '1 hour', 185.0, 188.7, 181.3, 184.63, 36000000, -0.20),
  ('m0000001-0000-4000-8000-0000000000a4', 'd0000001-0000-4000-8000-0000000000a5', now() - interval '1 hour', 186.0, 189.7, 182.3, 185.81, 37000000, -0.10),
  ('m0000001-0000-4000-8000-0000000000a5', 'd0000001-0000-4000-8000-0000000000a6', now() - interval '1 hour', 187.0, 190.7, 183.3, 187.00, 38000000, 0.00),
  ('m0000001-0000-4000-8000-0000000000a6', 'd0000001-0000-4000-8000-0000000000a7', now() - interval '1 hour', 188.0, 191.8, 184.2, 188.19, 39000000, 0.10),
  ('m0000001-0000-4000-8000-0000000000a7', 'd0000001-0000-4000-8000-0000000000a8', now() - interval '1 hour', 189.0, 192.8, 185.2, 189.38, 40000000, 0.20),
  ('m0000001-0000-4000-8000-0000000000a8', 'd0000001-0000-4000-8000-0000000000a9', now() - interval '1 hour', 190.0, 193.8, 186.2, 189.62, 41000000, -0.20),
  ('m0000001-0000-4000-8000-0000000000a9', 'd0000001-0000-4000-8000-0000000000aa', now() - interval '1 hour', 191.0, 194.8, 187.2, 190.81, 42000000, -0.10),
  ('m0000001-0000-4000-8000-0000000000aa', 'd0000001-0000-4000-8000-0000000000ab', now() - interval '1 hour', 192.0, 195.8, 188.2, 192.00, 43000000, 0.00),
  ('m0000001-0000-4000-8000-0000000000ab', 'd0000001-0000-4000-8000-0000000000ac', now() - interval '1 hour', 193.0, 196.9, 189.1, 193.19, 44000000, 0.10),
  ('m0000001-0000-4000-8000-0000000000ac', 'd0000001-0000-4000-8000-0000000000ad', now() - interval '1 hour', 194.0, 197.9, 190.1, 194.39, 45000000, 0.20),
  ('m0000001-0000-4000-8000-0000000000ad', 'd0000001-0000-4000-8000-0000000000ae', now() - interval '1 hour', 195.0, 198.9, 191.1, 194.61, 46000000, -0.20),
  ('m0000001-0000-4000-8000-0000000000ae', 'd0000001-0000-4000-8000-0000000000af', now() - interval '1 hour', 196.0, 199.9, 192.1, 195.80, 47000000, -0.10),
  ('m0000001-0000-4000-8000-0000000000af', 'd0000001-0000-4000-8000-0000000000b0', now() - interval '1 hour', 197.0, 200.9, 193.1, 197.00, 48000000, 0.00),
  ('m0000001-0000-4000-8000-0000000000b0', 'd0000001-0000-4000-8000-0000000000b1', now() - interval '1 hour', 198.0, 202.0, 194.0, 198.20, 49000000, 0.10),
  ('m0000001-0000-4000-8000-0000000000b1', 'd0000001-0000-4000-8000-0000000000b2', now() - interval '1 hour', 199.0, 203.0, 195.0, 199.40, 50000000, 0.20),
  ('m0000001-0000-4000-8000-0000000000b2', 'd0000001-0000-4000-8000-0000000000b3', now() - interval '1 hour', 200.0, 204.0, 196.0, 199.60, 51000000, -0.20),
  ('m0000001-0000-4000-8000-0000000000b3', 'd0000001-0000-4000-8000-0000000000b4', now() - interval '1 hour', 201.0, 205.0, 197.0, 200.80, 52000000, -0.10),
  ('m0000001-0000-4000-8000-0000000000b4', 'd0000001-0000-4000-8000-0000000000b5', now() - interval '1 hour', 202.0, 206.0, 198.0, 202.00, 53000000, 0.00),
  ('m0000001-0000-4000-8000-0000000000b5', 'd0000001-0000-4000-8000-0000000000b6', now() - interval '1 hour', 203.0, 207.1, 198.9, 203.20, 54000000, 0.10),
  ('m0000001-0000-4000-8000-0000000000b6', 'd0000001-0000-4000-8000-0000000000b7', now() - interval '1 hour', 204.0, 208.1, 199.9, 204.41, 55000000, 0.20),
  ('m0000001-0000-4000-8000-0000000000b7', 'd0000001-0000-4000-8000-0000000000b8', now() - interval '1 hour', 205.0, 209.1, 200.9, 204.59, 56000000, -0.20),
  ('m0000001-0000-4000-8000-0000000000b8', 'd0000001-0000-4000-8000-0000000000b9', now() - interval '1 hour', 206.0, 210.1, 201.9, 205.79, 57000000, -0.10),
  ('m0000001-0000-4000-8000-0000000000b9', 'd0000001-0000-4000-8000-0000000000ba', now() - interval '1 hour', 207.0, 211.1, 202.9, 207.00, 58000000, 0.00),
  ('m0000001-0000-4000-8000-0000000000ba', 'd0000001-0000-4000-8000-0000000000bb', now() - interval '1 hour', 208.0, 212.2, 203.8, 208.21, 59000000, 0.10),
  ('m0000001-0000-4000-8000-0000000000bb', 'd0000001-0000-4000-8000-0000000000bc', now() - interval '1 hour', 229.0, 233.6, 224.4, 229.22, 60000000, 0.10),
  ('m0000001-0000-4000-8000-0000000000bc', 'd0000001-0000-4000-8000-0000000000bd', now() - interval '1 hour', 430.0, 438.6, 421.4, 430.43, 61000000, 0.10),
  ('m0000001-0000-4000-8000-0000000000bd', 'd0000001-0000-4000-8000-0000000000be', now() - interval '1 hour', 176.0, 179.5, 172.5, 176.18, 62000000, 0.10),
  ('m0000001-0000-4000-8000-0000000000be', 'd0000001-0000-4000-8000-0000000000bf', now() - interval '1 hour', 199.0, 203.0, 195.0, 199.20, 63000000, 0.10),
  ('m0000001-0000-4000-8000-0000000000bf', 'd0000001-0000-4000-8000-0000000000c0', now() - interval '1 hour', 142.0, 144.8, 139.2, 142.14, 64000000, 0.10),
  ('m0000001-0000-4000-8000-0000000000c0', 'd0000001-0000-4000-8000-0000000000c1', now() - interval '1 hour', 231.0, 235.6, 226.4, 231.23, 65000000, 0.10),
  ('m0000001-0000-4000-8000-0000000000c1', 'd0000001-0000-4000-8000-0000000000c2', now() - interval '1 hour', 232.0, 236.6, 227.4, 232.23, 66000000, 0.10),
  ('m0000001-0000-4000-8000-0000000000c2', 'd0000001-0000-4000-8000-0000000000c3', now() - interval '1 hour', 233.0, 237.7, 228.3, 233.23, 67000000, 0.10),
  ('m0000001-0000-4000-8000-0000000000c3', 'd0000001-0000-4000-8000-0000000000c4', now() - interval '1 hour', 234.0, 238.7, 229.3, 234.23, 68000000, 0.10),
  ('m0000001-0000-4000-8000-0000000000c4', 'd0000001-0000-4000-8000-0000000000c5', now() - interval '1 hour', 235.0, 239.7, 230.3, 235.24, 69000000, 0.10),
  ('m0000001-0000-4000-8000-0000000000c5', 'd0000001-0000-4000-8000-0000000000c6', now() - interval '1 hour', 236.0, 240.7, 231.3, 236.24, 70000000, 0.10),
  ('m0000001-0000-4000-8000-0000000000c6', 'd0000001-0000-4000-8000-0000000000c7', now() - interval '1 hour', 237.0, 241.7, 232.3, 237.24, 71000000, 0.10),
  ('m0000001-0000-4000-8000-0000000000c7', 'd0000001-0000-4000-8000-0000000000c8', now() - interval '1 hour', 238.0, 242.8, 233.2, 238.24, 72000000, 0.10),
  ('m0000001-0000-4000-8000-0000000000c8', 'd0000001-0000-4000-8000-0000000000c9', now() - interval '1 hour', 239.0, 243.8, 234.2, 239.25, 73000000, 0.10),
  ('m0000001-0000-4000-8000-0000000000c9', 'd0000001-0000-4000-8000-0000000000ca', now() - interval '1 hour', 240.0, 244.8, 235.2, 240.25, 74000000, 0.10),
  ('m0000001-0000-4000-8000-0000000000ca', 'd0000001-0000-4000-8000-0000000000cb', now() - interval '1 hour', 241.0, 245.8, 236.2, 241.25, 75000000, 0.10),
  ('m0000001-0000-4000-8000-0000000000cb', 'd0000001-0000-4000-8000-0000000000cc', now() - interval '1 hour', 242.0, 246.8, 237.2, 242.26, 76000000, 0.10)
ON CONFLICT (data_id) DO NOTHING;

INSERT INTO technical_indicator (indicator_id, instrument_id, data_id, ma, ema, rsi, macd, volatility, volume_metric) VALUES
  ('i0000001-0000-4000-8000-000000000001', 'd0000001-0000-4000-8000-000000000001', 'm0000001-0000-4000-8000-000000000001', 177.80, 178.20, 55.5, 0.35, 0.22, 25000000)
ON CONFLICT (indicator_id) DO NOTHING;

INSERT INTO risk_metrics (metric_id, portfolio_id, as_of_date, risk_level, volatility, sharpe_ratio, var, beta) VALUES
  ('r0000001-0000-4000-8000-000000000001', 'e0000001-0000-4000-8000-000000000001', CURRENT_DATE, 'moderate', 0.18, 1.25, 2500.00, 1.05)
ON CONFLICT (metric_id) DO NOTHING;

INSERT INTO portfolio_optimization (optimization_id, portfolio_id, as_of_date, expected_return, variance, sharpe_ratio, weights_json, constraints_json) VALUES
  ('q0000001-0000-4000-8000-000000000001', 'e0000001-0000-4000-8000-000000000001', CURRENT_DATE, 0.08, 0.032, 1.20, '[0.4, 0.35, 0.25]', '{"max_single": 0.5}')
ON CONFLICT (optimization_id) DO NOTHING;

INSERT INTO statistical (stat_id, instrument_id_1, instrument_id_2, as_of_date, correlation, beta, alpha) VALUES
  ('s0000001-0000-4000-8000-000000000001', 'd0000001-0000-4000-8000-000000000001', 'd0000001-0000-4000-8000-000000000002', CURRENT_DATE, 0.72, 1.02, 0.015)
ON CONFLICT (stat_id) DO NOTHING;

INSERT INTO valuation (valuation_id, instrument_id, as_of_date, method, ev, equity_value, target_price, discount_rate, growth_rate) VALUES
  ('v0000001-0000-4000-8000-000000000001', 'd0000001-0000-4000-8000-000000000001', CURRENT_DATE, 'DCF', 2800000000000, 2750000000000, 195.00, 0.08, 0.05)
ON CONFLICT (valuation_id) DO NOTHING;
